date,total_trades,total_pnl,win_trades,loss_trades,avg_leverage,max_leverage,avg_size,unique_symbols,win_rate,profitable_day
2023-01-05,3,0.0,0,3,,,,,0.0,0
2023-05-12,9,0.0,0,9,,,,,0.0,0
2023-12-14,11,-205.43473700000007,4,7,,,,,0.36363636363636365,0
2023-12-15,2,-24.632033999999997,0,2,,,,,0.0,0
2023-12-16,3,0.0,0,3,,,,,0.0,0
2023-12-17,14,304.982785,7,7,,,,,0.5,1
2023-12-18,2,0.0,0,2,,,,,0.0,0
2023-12-19,15,1000.5386120000001,10,5,,,,,0.6666666666666666,1
2023-12-20,18,162.732282,8,10,,,,,0.4444444444444444,1
2023-12-21,49,537.211402,26,23,,,,,0.5306122448979592,1
2023-12-22,10,141.832675,2,8,,,,,0.2,1
2023-12-23,13,146.936704,8,5,,,,,0.6153846153846154,1
2023-12-24,39,1008.619956,15,24,,,,,0.38461538461538464,1
2023-12-25,3,-245.081348,0,3,,,,,0.0,0
2023-12-27,28,-704.8892269999999,4,24,,,,,0.14285714285714285,0
2023-12-28,23,-970.730876,0,23,,,,,0.0,0
2023-12-29,50,508.92214299999995,15,35,,,,,0.3,1
2023-12-30,52,354.998648,23,29,,,,,0.4423076923076923,1
2024-01-01,18,-129.53146,1,17,,,,,0.05555555555555555,0
2024-01-02,6,0.0,0,6,,,,,0.0,0
2024-01-03,137,8244.241409,128,9,,,,,0.9343065693430657,1
2024-01-04,77,2507.963406,42,35,,,,,0.5454545454545454,1
2024-01-05,14,0.0,0,14,,,,,0.0,0
2024-01-06,25,91.510419,9,16,,,,,0.36,1
2024-01-07,64,5065.839308,26,38,,,,,0.40625,1
2024-01-08,57,167.080017,4,53,,,,,0.07017543859649122,1
2024-01-09,12,137.433093,5,7,,,,,0.4166666666666667,1
2024-01-10,4,0.0,0,4,,,,,0.0,0
2024-01-11,23,1040.475736,6,17,,,,,0.2608695652173913,1
2024-01-12,416,40886.364494,221,195,,,,,0.53125,1
2024-01-15,14,152.85358,9,5,,,,,0.6428571428571429,1
2024-01-16,9,-2299.171458,3,6,,,,,0.3333333333333333,0
2024-01-17,53,813.2741110000001,11,42,,,,,0.20754716981132076,1
2024-01-18,46,68.93319,3,43,,,,,0.06521739130434782,1
2024-01-19,48,-385.419235,6,42,,,,,0.125,0
2024-01-20,106,-146.57487000000003,15,91,,,,,0.14150943396226415,0
2024-01-21,11,266.58114600000005,3,8,,,,,0.2727272727272727,1
2024-01-22,85,1375.640959,23,62,,,,,0.27058823529411763,1
2024-01-23,45,-369.2447299999998,11,34,,,,,0.24444444444444444,0
2024-01-24,68,-2808.353815,10,58,,,,,0.14705882352941177,0
2024-01-25,6,-3093.6293849999997,0,6,,,,,0.0,0
2024-01-26,5,90.2,1,4,,,,,0.2,1
2024-01-28,11,-2478.06972,0,11,,,,,0.0,0
2024-01-29,74,486.562542,45,29,,,,,0.6081081081081081,1
2024-01-30,49,-173.65419100000003,5,44,,,,,0.10204081632653061,0
2024-01-31,859,-799.840817,231,628,,,,,0.2689173457508731,0
2024-02-01,17,783.979116,8,9,,,,,0.47058823529411764,1
2024-02-02,42,456.423473,13,29,,,,,0.30952380952380953,1
2024-02-03,31,230.90060000000005,21,10,,,,,0.6774193548387096,1
2024-02-04,41,883.760812,12,29,,,,,0.2926829268292683,1
2024-02-06,93,192.906947,34,59,,,,,0.3655913978494624,1
2024-02-07,18,2421.253116,13,5,,,,,0.7222222222222222,1
2024-02-08,63,782.3681909999999,17,46,,,,,0.2698412698412698,1
2024-02-09,2,0.0,0,2,,,,,0.0,0
2024-02-10,4,0.0,0,4,,,,,0.0,0
2024-02-11,2,0.0,0,2,,,,,0.0,0
2024-02-12,270,18489.604313,110,160,,,,,0.4074074074074074,1
2024-02-13,14,559.44389,14,0,,,,,1.0,1
2024-02-14,111,3830.599833,83,28,,,,,0.7477477477477478,1
2024-02-15,63,1840.797677,57,6,,,,,0.9047619047619048,1
2024-02-16,182,5491.768834,146,36,,,,,0.8021978021978022,1
2024-02-17,94,1929.6418,61,33,,,,,0.648936170212766,1
2024-02-18,97,477.6248299999999,61,36,,,,,0.6288659793814433,1
2024-02-19,101,4317.768563,77,24,,,,,0.7623762376237624,1
2024-02-20,39,3263.628824,31,8,,,,,0.7948717948717948,1
2024-02-21,22,1858.7985700000002,15,7,,,,,0.6818181818181818,1
2024-02-22,88,3894.1050699999996,40,48,,,,,0.45454545454545453,1
2024-02-23,143,1418.55293,137,6,,,,,0.958041958041958,1
2024-02-25,5,-30.7705,0,5,,,,,0.0,0
2024-02-26,39,4416.8473,34,5,,,,,0.8717948717948718,1
2024-02-27,63,888.511733,26,37,,,,,0.4126984126984127,1
2024-02-28,45,2503.747235,39,6,,,,,0.8666666666666667,1
2024-02-29,116,9813.996992,100,16,,,,,0.8620689655172413,1
2024-03-01,67,866.015507,28,39,,,,,0.417910447761194,1
2024-03-02,56,223.30918699999998,6,50,,,,,0.10714285714285714,1
2024-03-03,79,8361.086245,54,25,,,,,0.6835443037974683,1
2024-03-04,4,126.7884,1,3,,,,,0.25,1
2024-03-05,36,5306.017045,17,19,,,,,0.4722222222222222,1
2024-03-06,70,562.808208,44,26,,,,,0.6285714285714286,1
2024-03-07,18,1118.387284,4,14,,,,,0.2222222222222222,1
2024-03-08,37,464.1897,1,36,,,,,0.02702702702702703,1
2024-03-10,9,100.375782,3,6,,,,,0.3333333333333333,1
2024-03-11,6,0.0,0,6,,,,,0.0,0
2024-03-12,374,23576.539285,161,213,,,,,0.4304812834224599,1
2024-03-13,7,0.0,0,7,,,,,0.0,0
2024-03-14,18,3465.865832,16,2,,,,,0.8888888888888888,1
2024-03-15,62,6236.513651,41,21,,,,,0.6612903225806451,1
2024-03-16,8,228.57984,1,7,,,,,0.125,1
2024-03-17,23,503.293955,10,13,,,,,0.43478260869565216,1
2024-03-18,19,1456.9577,6,13,,,,,0.3157894736842105,1
2024-03-19,24,668.797973,5,19,,,,,0.20833333333333334,1
2024-03-20,69,6423.134599,60,9,,,,,0.8695652173913043,1
2024-03-21,28,2335.5080749999997,23,5,,,,,0.8214285714285714,1
2024-03-24,19,1297.018477,15,4,,,,,0.7894736842105263,1
2024-03-25,7,1302.916428,6,1,,,,,0.8571428571428571,1
2024-03-26,118,3215.906593,110,8,,,,,0.9322033898305084,1
2024-03-27,38,150.41114,12,26,,,,,0.3157894736842105,1
2024-03-28,13,227.85100799999998,9,4,,,,,0.6923076923076923,1
2024-03-29,15,883.097404,6,9,,,,,0.4,1
2024-03-30,45,1100.57514,44,1,,,,,0.9777777777777777,1
2024-03-31,13,912.786145,10,3,,,,,0.7692307692307693,1
2024-04-01,5,-67.60364,0,5,,,,,0.0,0
2024-04-02,35,47.62389499999999,9,26,,,,,0.2571428571428571,1
2024-04-03,300,27799.775742,266,34,,,,,0.8866666666666667,1
2024-04-04,32,0.0,0,32,,,,,0.0,0
2024-04-05,9,0.0,0,9,,,,,0.0,0
2024-04-06,53,52.211438,25,28,,,,,0.4716981132075472,1
2024-04-07,25,0.0,0,25,,,,,0.0,0
2024-04-08,127,-122672.000883,3,124,,,,,0.023622047244094488,0
2024-04-09,34,1065.785132,5,29,,,,,0.14705882352941177,1
2024-04-10,1,0.0,0,1,,,,,0.0,0
2024-04-11,36,2799.410474,23,13,,,,,0.6388888888888888,1
2024-04-12,319,292891.815021,148,171,,,,,0.46394984326018807,1
2024-04-13,89,6621.451755,61,28,,,,,0.6853932584269663,1
2024-04-14,107,-36104.012520000004,33,74,,,,,0.308411214953271,0
2024-04-15,41,3774.08872,35,6,,,,,0.8536585365853658,1
2024-04-16,47,2467.702221,43,4,,,,,0.9148936170212766,1
2024-04-17,14,2441.4683999999997,13,1,,,,,0.9285714285714286,1
2024-04-19,35,1946.4454620000001,27,8,,,,,0.7714285714285715,1
2024-04-20,22,0.0,0,22,,,,,0.0,0
2024-04-22,9,0.0,0,9,,,,,0.0,0
2024-04-23,66,1119.536196,35,31,,,,,0.5303030303030303,1
2024-04-24,20,279.185907,6,14,,,,,0.3,1
2024-04-25,74,0.0,0,74,,,,,0.0,0
2024-04-26,3,0.0,0,3,,,,,0.0,0
2024-04-27,27,4281.488139,19,8,,,,,0.7037037037037037,1
2024-04-28,58,0.0,0,58,,,,,0.0,0
2024-04-29,45,526.9338359999999,17,28,,,,,0.37777777777777777,1
2024-04-30,24,0.0,0,24,,,,,0.0,0
2024-05-01,66,164.141565,13,53,,,,,0.19696969696969696,1
2024-05-02,72,-33.45419400000003,14,58,,,,,0.19444444444444445,0
2024-05-03,180,19791.026041,163,17,,,,,0.9055555555555556,1
2024-05-04,100,10706.484306,90,10,,,,,0.9,1
2024-05-05,6,0.916,1,5,,,,,0.16666666666666666,1
2024-05-06,54,56.055506,16,38,,,,,0.2962962962962963,1
2024-05-07,32,0.0,0,32,,,,,0.0,0
2024-05-08,80,-13013.665169,33,47,,,,,0.4125,0
2024-05-09,1,0.0,0,1,,,,,0.0,0
2024-05-10,37,5767.161892,24,13,,,,,0.6486486486486487,1
2024-05-11,10,678.4759280000001,5,5,,,,,0.5,1
2024-05-12,456,71574.11848800001,193,263,,,,,0.4232456140350877,1
2024-05-13,28,2136.853859,10,18,,,,,0.35714285714285715,1
2024-05-14,23,1150.5233050000002,4,19,,,,,0.17391304347826086,1
2024-05-15,36,948.970582,17,19,,,,,0.4722222222222222,1
2024-05-16,27,214.5898,5,22,,,,,0.18518518518518517,1
2024-05-18,25,3522.3946610000003,16,9,,,,,0.64,1
2024-05-19,8,0.0,0,8,,,,,0.0,0
2024-05-20,10,-74.818442,0,10,,,,,0.0,0
2024-05-21,125,7289.397571999999,14,111,,,,,0.112,1
2024-05-22,6,0.0,0,6,,,,,0.0,0
2024-05-23,325,413.347329,145,180,,,,,0.4461538461538462,1
2024-05-24,2,821.949278,2,0,,,,,1.0,1
2024-05-25,16,14.126038999999999,5,11,,,,,0.3125,1
2024-05-26,16,778.6839,4,12,,,,,0.25,1
2024-05-27,251,1129.35587,90,161,,,,,0.35856573705179284,1
2024-05-29,164,277.791953,68,96,,,,,0.4146341463414634,1
2024-05-30,7,20.951433,5,2,,,,,0.7142857142857143,1
2024-05-31,13,25.35812,4,9,,,,,0.3076923076923077,1
2024-06-01,22,135.58166400000002,10,12,,,,,0.45454545454545453,1
2024-06-02,1088,-215.615907,179,909,,,,,0.1645220588235294,0
2024-06-03,82,6814.825139,72,10,,,,,0.8780487804878049,1
2024-06-04,16,236.33513399999998,4,12,,,,,0.25,1
2024-06-05,9,968.59038,4,5,,,,,0.4444444444444444,1
2024-06-06,234,274.173187,100,134,,,,,0.42735042735042733,1
2024-06-07,24,108.87217799999999,7,17,,,,,0.2916666666666667,1
2024-06-08,107,267.318048,13,94,,,,,0.12149532710280374,1
2024-06-09,42,-1104.856765,0,42,,,,,0.0,0
2024-06-10,22,130.487079,5,17,,,,,0.22727272727272727,1
2024-06-11,15,2817.83723,7,8,,,,,0.4666666666666667,1
2024-06-12,403,-92624.643895,94,309,,,,,0.23325062034739455,0
2024-06-13,79,6632.757115,19,60,,,,,0.24050632911392406,1
2024-06-14,31,10258.592609,15,16,,,,,0.4838709677419355,1
2024-06-15,78,3369.958346,38,40,,,,,0.48717948717948717,1
2024-06-16,11,0.0,0,11,,,,,0.0,0
2024-06-17,38,10599.502375,25,13,,,,,0.6578947368421053,1
2024-06-18,25,282.57636,4,21,,,,,0.16,1
2024-06-19,61,4887.656944,31,30,,,,,0.5081967213114754,1
2024-06-20,39,57478.456026,8,31,,,,,0.20512820512820512,1
2024-06-21,80,773.5582039999999,3,77,,,,,0.0375,1
2024-06-22,24,756.876565,8,16,,,,,0.3333333333333333,1
2024-06-23,5,0.0,0,5,,,,,0.0,0
2024-06-24,31,0.0,0,31,,,,,0.0,0
2024-06-25,49,4869.353105,11,38,,,,,0.22448979591836735,1
2024-06-26,72,4197.732182,21,51,,,,,0.2916666666666667,1
2024-06-27,30,0.0,0,30,,,,,0.0,0
2024-06-29,75,6150.326145,24,51,,,,,0.32,1
2024-06-30,14,0.0,0,14,,,,,0.0,0
2024-07-01,97,-835.681235,9,88,,,,,0.09278350515463918,0
2024-07-02,15,241.24212,2,13,,,,,0.13333333333333333,1
2024-07-04,23,0.0,0,23,,,,,0.0,0
2024-07-05,18,883.537693,9,9,,,,,0.5,1
2024-07-06,440,8902.467416,176,264,,,,,0.4,1
2024-07-07,10,61.428942,10,0,,,,,1.0,1
2024-07-08,33,188.789255,10,23,,,,,0.30303030303030304,1
2024-07-10,21,0.0,0,21,,,,,0.0,0
2024-07-11,113,4493.353136,60,53,,,,,0.5309734513274337,1
2024-07-12,304,85906.279067,131,173,,,,,0.4309210526315789,1
2024-07-13,17,2913.617837,17,0,,,,,1.0,1
2024-07-14,7,0.0,0,7,,,,,0.0,0
2024-07-15,26,-1.0,0,26,,,,,0.0,0
2024-07-16,22,0.0,0,22,,,,,0.0,0
2024-07-17,351,1859.269477,145,206,,,,,0.4131054131054131,1
2024-07-18,60,3803.884311,48,12,,,,,0.8,1
2024-07-19,23,2155.891114,12,11,,,,,0.5217391304347826,1
2024-07-20,266,2299.169566,33,233,,,,,0.12406015037593984,1
2024-07-21,448,-2960.716887,21,427,,,,,0.046875,0
2024-07-22,154,1517.119876,22,132,,,,,0.14285714285714285,1
2024-07-23,370,89890.302206,329,41,,,,,0.8891891891891892,1
2024-07-24,90,625.561479,18,72,,,,,0.2,1
2024-07-25,78,916.7382600000001,10,68,,,,,0.1282051282051282,1
2024-07-26,152,2766.513113,61,91,,,,,0.40131578947368424,1
2024-07-27,57,6400.623656,42,15,,,,,0.7368421052631579,1
2024-07-28,16,587.29903,12,4,,,,,0.75,1
2024-07-29,39,330.80445399999996,16,23,,,,,0.41025641025641024,1
2024-07-30,6,0.0,0,6,,,,,0.0,0
2024-07-31,43,765.690884,14,29,,,,,0.32558139534883723,1
2024-08-01,128,-269.874439,32,96,,,,,0.25,0
2024-08-02,10,770.756024,4,6,,,,,0.4,1
2024-08-03,67,4271.886236,59,8,,,,,0.8805970149253731,1
2024-08-04,30,1218.4267,1,29,,,,,0.03333333333333333,1
2024-08-05,13,1.56576,1,12,,,,,0.07692307692307693,1
2024-08-06,29,129.13883900000002,8,21,,,,,0.27586206896551724,1
2024-08-07,1,0.0,0,1,,,,,0.0,0
2024-08-08,9,-40.712216999999995,0,9,,,,,0.0,0
2024-08-09,1,0.0,0,1,,,,,0.0,0
2024-08-10,36,5396.546638,33,3,,,,,0.9166666666666666,1
2024-08-11,39,-64.41354100000007,6,33,,,,,0.15384615384615385,0
2024-08-12,420,15965.933436,152,268,,,,,0.3619047619047619,1
2024-08-13,23,212.08102,8,15,,,,,0.34782608695652173,1
2024-08-14,25,2168.9015130000003,5,20,,,,,0.2,1
2024-08-15,12,0.0,0,12,,,,,0.0,0
2024-08-16,35,825.230544,3,32,,,,,0.08571428571428572,1
2024-08-17,30,-288.283113,0,30,,,,,0.0,0
2024-08-18,15,307.201888,12,3,,,,,0.8,1
2024-08-19,8,339.69958299999996,5,3,,,,,0.625,1
2024-08-20,12,192.602844,1,11,,,,,0.08333333333333333,1
2024-08-21,145,656.200925,54,91,,,,,0.3724137931034483,1
2024-08-23,10,1005.30527,3,7,,,,,0.3,1
2024-08-24,7,0.0,0,7,,,,,0.0,0
2024-08-25,17,0.0,0,17,,,,,0.0,0
2024-08-26,6,231.236918,2,4,,,,,0.3333333333333333,1
2024-08-27,50,0.0,0,50,,,,,0.0,0
2024-08-28,9,1333.359645,2,7,,,,,0.2222222222222222,1
2024-08-29,1,0.0,0,1,,,,,0.0,0
2024-08-30,6,256.464,1,5,,,,,0.16666666666666666,1
2024-08-31,34,10.882801,12,22,,,,,0.35294117647058826,1
2024-09-01,70,-826.349863,18,52,,,,,0.2571428571428571,0
2024-09-03,117,9949.501624,97,20,,,,,0.8290598290598291,1
2024-09-04,3,0.0,0,3,,,,,0.0,0
2024-09-05,28,1147.595856,11,17,,,,,0.39285714285714285,1
2024-09-06,17,0.0,0,17,,,,,0.0,0
2024-09-07,15,648.984412,15,0,,,,,1.0,1
2024-09-08,144,18082.071276,43,101,,,,,0.2986111111111111,1
2024-09-09,2,0.0,0,2,,,,,0.0,0
2024-09-10,14,396.06272,3,11,,,,,0.21428571428571427,1
2024-09-11,86,102.90894,19,67,,,,,0.22093023255813954,1
2024-09-12,539,6310.967676,172,367,,,,,0.31910946196660483,1
2024-09-14,11,0.0,0,11,,,,,0.0,0
2024-09-18,145,-878.684794,0,145,,,,,0.0,0
2024-09-19,19,0.0,0,19,,,,,0.0,0
2024-09-20,16,9585.03428,8,8,,,,,0.5,1
2024-09-21,23,36165.56933,23,0,,,,,1.0,1
2024-09-22,3,0.0,0,3,,,,,0.0,0
2024-09-23,2,334.760796,1,1,,,,,0.5,1
2024-09-24,10,0.0,0,10,,,,,0.0,0
2024-09-25,9,0.0,0,9,,,,,0.0,0
2024-09-26,8,439.812513,2,6,,,,,0.25,1
2024-09-27,56,0.0,0,56,,,,,0.0,0
2024-09-28,4,0.0,0,4,,,,,0.0,0
2024-09-30,106,2710.626288,5,101,,,,,0.04716981132075472,1
2024-10-01,193,-1517.091342,41,152,,,,,0.21243523316062177,0
2024-10-03,42,2482.9272,29,13,,,,,0.6904761904761905,1
2024-10-04,41,5207.443414,36,5,,,,,0.8780487804878049,1
2024-10-05,22,2101.741695,6,16,,,,,0.2727272727272727,1
2024-10-06,53,31.266804999999998,18,35,,,,,0.33962264150943394,1
2024-10-07,56,11977.734907,38,18,,,,,0.6785714285714286,1
2024-10-08,88,0.0,0,88,,,,,0.0,0
2024-10-09,3,-219.729659,0,3,,,,,0.0,0
2024-10-10,16,0.0,0,16,,,,,0.0,0
2024-10-11,173,991.114334,51,122,,,,,0.2947976878612717,1
2024-10-12,1596,39325.770231,937,659,,,,,0.5870927318295739,1
2024-10-13,10,0.0,0,10,,,,,0.0,0
2024-10-14,5,1913.61958,5,0,,,,,1.0,1
2024-10-15,7,1170.2260760000001,4,3,,,,,0.5714285714285714,1
2024-10-16,11,219.480876,3,8,,,,,0.2727272727272727,1
2024-10-17,9,36.11496,1,8,,,,,0.1111111111111111,1
2024-10-18,6,333.219141,5,1,,,,,0.8333333333333334,1
2024-10-19,4,0.0,0,4,,,,,0.0,0
2024-10-20,96,389.155797,11,85,,,,,0.11458333333333333,1
2024-10-21,173,2464.915564,68,105,,,,,0.3930635838150289,1
2024-10-22,3,0.0,0,3,,,,,0.0,0
2024-10-23,18,-46.489941,0,18,,,,,0.0,0
2024-10-25,30,13235.862071,21,9,,,,,0.7,1
2024-10-26,6,42471.99413,6,0,,,,,1.0,1
2024-10-27,4,666.6623079999999,3,1,,,,,0.75,1
2024-10-28,13,167.28016200000002,4,9,,,,,0.3076923076923077,1
2024-10-29,53,801.170876,3,50,,,,,0.05660377358490566,1
2024-10-30,25,9.150023,7,18,,,,,0.28,1
2024-10-31,48,1214.043811,34,14,,,,,0.7083333333333334,1
2024-11-01,21,-164.08950099999998,5,16,,,,,0.23809523809523808,0
2024-11-02,34,983.443176,7,27,,,,,0.20588235294117646,1
2024-11-03,42,3588.179495,39,3,,,,,0.9285714285714286,1
2024-11-04,16,389.743164,2,14,,,,,0.125,1
2024-11-05,9,251.604742,9,0,,,,,1.0,1
2024-11-06,123,4320.631811,17,106,,,,,0.13821138211382114,1
2024-11-07,19,1876.812082,9,10,,,,,0.47368421052631576,1
2024-11-08,24,847.7766200000001,4,20,,,,,0.16666666666666666,1
2024-11-09,1,0.0,0,1,,,,,0.0,0
2024-11-10,26,8885.327477,18,8,,,,,0.6923076923076923,1
2024-11-11,373,6749.630996,92,281,,,,,0.24664879356568364,1
2024-11-12,1221,319051.554217,870,351,,,,,0.7125307125307125,1
2024-11-13,48,7846.402274,27,21,,,,,0.5625,1
2024-11-14,110,4563.509225,28,82,,,,,0.2545454545454545,1
2024-11-15,149,4140.740438,55,94,,,,,0.3691275167785235,1
2024-11-16,157,2769.521909,48,109,,,,,0.3057324840764331,1
2024-11-17,209,882.975285,49,160,,,,,0.23444976076555024,1
2024-11-18,346,4470.815187,124,222,,,,,0.3583815028901734,1
2024-11-19,305,2958.268991,150,155,,,,,0.4918032786885246,1
2024-11-20,550,4210.0928969999995,219,331,,,,,0.3981818181818182,1
2024-11-21,535,1692.430891,165,370,,,,,0.308411214953271,1
2024-11-22,679,-18105.345617,209,470,,,,,0.3078055964653903,0
2024-11-23,363,2901.531638,128,235,,,,,0.3526170798898072,1
2024-11-24,172,945.550386,46,126,,,,,0.26744186046511625,1
2024-11-25,255,5523.740734,105,150,,,,,0.4117647058823529,1
2024-11-26,302,1094.809359,88,214,,,,,0.2913907284768212,1
2024-11-27,213,-2654.495633,74,139,,,,,0.3474178403755869,0
2024-11-28,332,-127075.39958499999,109,223,,,,,0.32831325301204817,0
2024-11-29,393,176844.994152,192,201,,,,,0.48854961832061067,1
2024-11-30,373,37316.69352,157,216,,,,,0.42091152815013405,1
2024-12-01,7,-1925.519024,0,7,,,,,0.0,0
2024-12-02,16,913.8817869999998,6,10,,,,,0.375,1
2024-12-03,8,3039.166,7,1,,,,,0.875,1
2024-12-04,129,-592.6458390000001,71,58,,,,,0.5503875968992248,0
2024-12-05,23,0.0,0,23,,,,,0.0,0
2024-12-06,254,-21886.531493,21,233,,,,,0.08267716535433071,0
2024-12-07,19,1412.314654,9,10,,,,,0.47368421052631576,1
2024-12-08,48,858.6705000000001,6,42,,,,,0.125,1
2024-12-10,10,541.55471,7,3,,,,,0.7,1
2024-12-11,171,3494.399394,34,137,,,,,0.19883040935672514,1
2024-12-12,1932,599151.795008,1352,580,,,,,0.6997929606625258,1
2024-12-13,1173,31935.901745,471,702,,,,,0.40153452685422,1
2024-12-14,1235,167801.399244,585,650,,,,,0.47368421052631576,1
2024-12-15,1697,97525.315279,417,1280,,,,,0.24572775486152032,1
2024-12-16,1055,166774.344133,535,520,,,,,0.5071090047393365,1
2024-12-17,1941,219591.305172,847,1094,,,,,0.4363730036063885,1
2024-12-18,1429,13682.994673,523,906,,,,,0.36599020293911827,1
2024-12-19,3339,62744.004486000005,2053,1286,,,,,0.6148547469302186,1
2024-12-20,2488,254969.660039,1383,1105,,,,,0.5558681672025724,1
2024-12-21,1681,150022.163157,924,757,,,,,0.5496728138013087,1
2024-12-22,774,352197.163973,337,437,,,,,0.4354005167958656,1
2024-12-23,2347,-29430.626577,681,1666,,,,,0.2901576480613549,0
2024-12-24,338,14813.780116,114,224,,,,,0.33727810650887574,1
2024-12-25,208,756.6570469999998,63,145,,,,,0.30288461538461536,1
2024-12-26,697,60228.639722,358,339,,,,,0.5136298421807748,1
2024-12-27,260,2672.811035,110,150,,,,,0.4230769230769231,1
2024-12-28,161,940.673623,37,124,,,,,0.22981366459627328,1
2024-12-29,201,2884.067927,64,137,,,,,0.31840796019900497,1
2024-12-30,304,9009.738137,120,184,,,,,0.39473684210526316,1
2024-12-31,306,5445.01281,92,214,,,,,0.3006535947712418,1
2025-01-01,96,-9528.065345,29,67,,,,,0.3020833333333333,0
2025-01-02,634,32300.205017,378,256,,,,,0.5962145110410094,1
2025-01-03,174,10596.108968,78,96,,,,,0.4482758620689655,1
2025-01-04,192,-2202.6622420000003,88,104,,,,,0.4583333333333333,0
2025-01-05,1230,54536.829297000004,530,700,,,,,0.43089430894308944,1
2025-01-13,408,9655.429352,158,250,,,,,0.3872549019607843,1
2025-01-14,275,16069.512355,137,138,,,,,0.49818181818181817,1
2025-01-15,267,14819.5883,123,144,,,,,0.4606741573033708,1
2025-01-16,371,20807.709328,127,244,,,,,0.3423180592991914,1
2025-01-17,238,7006.415608,126,112,,,,,0.5294117647058824,1
2025-01-18,651,443.2330819999997,248,403,,,,,0.38095238095238093,1
2025-01-19,1567,87923.799302,317,1250,,,,,0.20229738353541799,1
2025-01-20,1315,87277.239173,687,628,,,,,0.5224334600760456,1
2025-01-21,530,11077.839421,205,325,,,,,0.3867924528301887,1
2025-01-22,832,20524.408057,234,598,,,,,0.28125,1
2025-01-23,1218,101256.24216,805,413,,,,,0.6609195402298851,1
2025-01-24,874,10602.779738,488,386,,,,,0.5583524027459954,1
2025-01-25,506,-10348.016255999999,141,365,,,,,0.27865612648221344,0
2025-01-26,451,40823.466668,196,255,,,,,0.43458980044345896,1
2025-01-27,773,41331.765392,368,405,,,,,0.4760672703751617,1
2025-01-28,498,17979.613973,313,185,,,,,0.6285140562248996,1
2025-01-29,910,23421.01147,379,531,,,,,0.4164835164835165,1
2025-01-30,1067,23097.471385,370,697,,,,,0.3467666354264292,1
2025-01-31,1016,35868.296773,550,466,,,,,0.5413385826771654,1
2025-02-01,361,8716.519087,165,196,,,,,0.45706371191135736,1
2025-02-02,1319,162854.759623,473,846,,,,,0.35860500379075055,1
2025-02-03,532,66914.320708,267,265,,,,,0.5018796992481203,1
2025-02-04,1076,202212.740938,963,113,,,,,0.8949814126394052,1
2025-02-13,1370,27829.534238,641,729,,,,,0.4678832116788321,1
2025-02-14,1655,213860.675308,710,945,,,,,0.42900302114803623,1
2025-02-15,932,45042.92701,401,531,,,,,0.4302575107296137,1
2025-02-16,681,2369.478425,300,381,,,,,0.44052863436123346,1
2025-02-17,941,1818.573295,211,730,,,,,0.22422954303931988,1
2025-02-18,1676,91204.672403,858,818,,,,,0.5119331742243437,1
2025-02-19,1361,14985.794701,582,779,,,,,0.4276267450404115,1
2025-02-20,2012,46008.794102,964,1048,,,,,0.47912524850894633,1
2025-02-21,1873,119693.49395,978,895,,,,,0.5221569674319274,1
2025-02-22,686,25278.704178,341,345,,,,,0.4970845481049563,1
2025-02-23,520,10656.934251,234,286,,,,,0.45,1
2025-02-24,5616,38470.176242,2228,3388,,,,,0.39672364672364674,1
2025-02-25,6246,204762.177034,1628,4618,,,,,0.260646813960935,1
2025-02-26,1176,63229.063129,789,387,,,,,0.6709183673469388,1
2025-02-27,890,-36525.167517,247,643,,,,,0.27752808988764044,0
2025-02-28,1019,225628.108748,396,623,,,,,0.3886162904808636,1
2025-03-01,508,6028.486793,138,370,,,,,0.27165354330708663,1
2025-03-02,2380,348871.326269,1103,1277,,,,,0.4634453781512605,1
2025-03-03,1482,616413.032233,912,570,,,,,0.6153846153846154,1
2025-03-04,1748,-2365.961276,520,1228,,,,,0.2974828375286041,0
2025-03-13,962,14114.870873,440,522,,,,,0.4573804573804574,1
2025-03-14,2210,68646.160089,1887,323,,,,,0.8538461538461538,1
2025-03-15,261,78694.624572,155,106,,,,,0.5938697318007663,1
2025-03-16,530,-7910.943544999999,123,407,,,,,0.2320754716981132,0
2025-03-17,920,26163.906513,417,503,,,,,0.4532608695652174,1
2025-03-18,834,72322.788824,188,646,,,,,0.22541966426858512,1
2025-03-19,1612,29374.682341,671,941,,,,,0.4162531017369727,1
2025-03-20,771,10246.859436,315,456,,,,,0.4085603112840467,1
2025-03-21,698,6951.270374,349,349,,,,,0.5,1
2025-03-22,535,12498.535254,254,281,,,,,0.4747663551401869,1
2025-03-23,447,14047.421585,146,301,,,,,0.32662192393736017,1
2025-03-24,1027,107878.961301,632,395,,,,,0.6153846153846154,1
2025-03-25,791,32030.90678,286,505,,,,,0.3615676359039191,1
2025-03-26,3102,15802.167427,841,2261,,,,,0.27111540941328177,1
2025-03-27,785,58825.359221,262,523,,,,,0.33375796178343947,1
2025-03-28,728,21337.179335,231,497,,,,,0.3173076923076923,1
2025-03-29,1894,12098.872931,674,1220,,,,,0.3558606124604013,1
2025-03-30,568,15795.11514,94,474,,,,,0.16549295774647887,1
2025-03-31,495,6978.184557,259,236,,,,,0.5232323232323233,1
2025-04-01,371,2553.537968,75,296,,,,,0.20215633423180593,1
2025-04-02,2512,416876.88812,695,1817,,,,,0.276671974522293,1
2025-04-03,2402,182075.566585,609,1793,,,,,0.25353871773522063,1
2025-04-04,1272,-25515.678949999998,493,779,,,,,0.38757861635220126,0
2025-04-13,1321,48696.021521,478,843,,,,,0.3618470855412566,1
2025-04-14,890,45680.443063,376,514,,,,,0.42247191011235957,1
2025-04-15,1131,72357.706282,647,484,,,,,0.5720601237842617,1
2025-04-16,1608,58631.730257,547,1061,,,,,0.3401741293532338,1
2025-04-17,1031,5427.919886,313,718,,,,,0.30358874878758485,1
2025-04-18,1894,4880.4047439999995,971,923,,,,,0.5126715945089757,1
2025-04-19,2786,71950.577495,814,1972,,,,,0.2921751615218952,1
2025-04-20,1982,25060.341936,790,1192,,,,,0.3985872855701312,1
2025-04-21,1718,34369.267906999994,677,1041,,,,,0.3940628637951106,1
2025-04-22,2998,58652.763578,888,2110,,,,,0.2961974649766511,1
2025-04-23,6159,-419020.225731,2000,4159,,,,,0.324728040266277,0
2025-04-24,2232,50704.395965,923,1309,,,,,0.4135304659498208,1
2025-04-25,1653,20218.859206,638,1015,,,,,0.38596491228070173,1
2025-04-26,1131,-4125.753942,195,936,,,,,0.1724137931034483,0
2025-04-27,337,2702.067468,120,217,,,,,0.3560830860534125,1
2025-04-28,1379,36906.813759,575,804,,,,,0.4169688179840464,1
2025-04-29,2243,125749.613427,969,1274,,,,,0.43201069995541685,1
2025-04-30,1113,14003.797269,295,818,,,,,0.26504941599281223,1
2025-05-01,239,3187.719363,100,139,,,,,0.41841004184100417,1
2025-05-02,1297,56706.235562,417,880,,,,,0.3215111796453354,1
2025-05-03,1660,269328.365917,1259,401,,,,,0.7584337349397591,1
2025-05-04,360,35907.33771,209,151,,,,,0.5805555555555556,1
2025-06-01,573,6064.185393,89,484,,,,,0.15532286212914484,1
2025-06-02,1703,33803.799733,785,918,,,,,0.46095126247798,1
2025-06-03,760,16101.125561,365,395,,,,,0.48026315789473684,1
2025-06-04,1048,47053.449272,332,716,,,,,0.31679389312977096,1
2025-07-01,637,16098.227531,485,152,,,,,0.7613814756671899,1
2025-07-02,1524,22450.002091,430,1094,,,,,0.2821522309711286,1
2025-07-03,2552,150236.061627,1333,1219,,,,,0.5223354231974922,1
2025-07-04,2814,34527.370305,673,2141,,,,,0.23916133617626156,1
2025-08-01,1039,130117.090554,386,653,,,,,0.37151106833493747,1
2025-08-02,575,586.703253,110,465,,,,,0.19130434782608696,1
2025-08-03,529,24700.773359,301,228,,,,,0.5689981096408318,1
2025-08-04,943,34899.394798,386,557,,,,,0.4093319194061506,1
2025-09-01,522,46975.928902,145,377,,,,,0.2777777777777778,1
2025-09-02,764,150551.829492,329,435,,,,,0.4306282722513089,1
2025-09-03,1422,19773.457395,627,795,,,,,0.4409282700421941,1
2025-09-04,3967,43120.444797,1708,2259,,,,,0.43055205444920597,1
2025-10-01,819,-10116.875552,432,387,,,,,0.5274725274725275,0
2025-10-02,889,63908.49465,425,464,,,,,0.4780652418447694,1
2025-10-03,2911,-10010.027269999999,1157,1754,,,,,0.39745791824115423,0
2025-10-04,2127,158261.822261,1125,1002,,,,,0.5289139633286318,1
2025-11-01,283,2269.080536,69,214,,,,,0.24381625441696114,1
2025-11-02,848,-6093.784817,185,663,,,,,0.21816037735849056,0
2025-11-03,3286,-76880.729036,616,2670,,,,,0.18746195982958003,0
2025-11-04,1096,126406.479081,368,728,,,,,0.3357664233576642,1
2025-12-01,602,5742.241803,472,130,,,,,0.7840531561461794,1
2025-12-02,1031,19848.635032,477,554,,,,,0.4626576139670223,1
2025-12-03,3968,288105.984215,2240,1728,,,,,0.5645161290322581,1
2025-12-04,2109,410419.694533,574,1535,,,,,0.2721669037458511,1
